motif_rank,natural_k,distance,idx_1,idx_2,start_time_1,start_time_2,file_name
1,7,3.669285877917897,107,535,53.5,267.5,MARS_20250901_175000
2,7,3.72809044530458,373,799,186.5,399.5,MARS_20250901_175000
3,7,3.7636233677829503,565,693,282.5,346.5,MARS_20250901_175000
