discord_rank,natural_k,distance,idx,start_time,file_name
1,7,4.813031907921608,9,4.5,MARS_20250901_175000
2,7,4.776559707472389,200,100.0,MARS_20250901_175000
3,7,4.770376230611056,102,51.0,MARS_20250901_175000
