discord_rank,natural_k,distance,idx,start_time,file_name
1,7,4.81304247684334,9,4.5,MARS_20250901_175000
2,7,4.776545785804642,200,100.0,MARS_20250901_175000
3,7,4.770378042924358,102,51.0,MARS_20250901_175000
