discord_rank,natural_k,distance,idx,start_time,file_name
1,9,1.7332709876446653,28,14.0,H04_20230501_134500
2,9,1.7081434350349711,15,7.5,H04_20230501_134500
3,9,1.6963192518204078,17,8.5,H04_20230501_134500
