motif_rank,natural_k,distance,idx_1,idx_2,start_time_1,start_time_2,file_name
1,9,0.8459587255649537,55,52,27.5,26.0,H04_20230501_134500
2,9,0.9368793230263428,72,89,36.0,44.5,H04_20230501_134500
3,9,1.0150233774752893,98,101,49.0,50.5,H04_20230501_134500
