motif_rank,natural_k,distance,idx_1,idx_2,start_time_1,start_time_2,file_name
1,5,2.7513442797651186,47,22,23.5,11.0,H04_20230501_134500
2,5,2.9687830306497753,59,90,29.5,45.0,H04_20230501_134500
3,5,3.277440274292148,75,35,37.5,17.5,H04_20230501_134500
