discord_rank,natural_k,distance,idx,start_time,file_name
1,5,3.965852806885411,2,1.0,H04_20230501_134500
2,5,3.613630880711611,77,38.5,H04_20230501_134500
3,5,3.5505783590514355,37,18.5,H04_20230501_134500
